product_id,price,category,brand,ratings,dimensions
P1000,124.84,Books,BrandC,4.1,10.04x3.32x4.85
P1001,93.09,Electronics,BrandC,4.3,18.61x8.78x3.74
P1002,132.38,Home,BrandE,5.0,4.99x5.82x6.13
P1003,176.15,Toys,BrandC,3.2,13.18x8.4x5.98
P1004,88.29,Home,BrandC,4.8,9.48x7.05x6.46
P1005,88.29,Home,BrandD,4.1,12.32x3.91x4.98
P1006,178.96,Electronics,BrandB,3.6,11.32x7.33x4.1
P1007,138.37,Electronics,BrandD,3.3,7.8x11.39x2.66
P1008,76.53,Electronics,BrandD,3.9,10.69x7.99x6.23
P1009,127.13,Clothing,BrandA,4.5,4.43x6.88x5.64
P1010,76.83,Books,BrandD,3.9,11.81x9.15x3.55
P1011,76.71,Clothing,BrandE,4.8,10.89x7.42x4.19
P1012,112.1,Books,BrandE,3.3,11.92x7.42x4.3
P1013,4.34,Books,BrandA,4.0,13.17x4.82x2.78
P1014,13.75,Home,BrandB,3.4,11.1x7.47x3.77
P1015,71.89,Home,BrandB,4.2,10.44x9.07x3.3
P1016,49.36,Books,BrandD,4.4,7.36x5.33x4.38
P1017,115.71,Books,BrandD,3.8,7.86x9.85x3.89
P1018,54.6,Clothing,BrandD,2.7,13.56x6.82x2.56
P1019,29.38,Clothing,BrandB,4.1,14.31x5.22x8.03
P1020,173.28,Home,BrandC,4.2,9.29x9.0x6.88
P1021,88.71,Electronics,BrandE,4.2,10.14x6.43x3.83
P1022,103.38,Books,BrandC,4.6,7.29x8.52x5.41
P1023,28.76,Clothing,BrandC,3.5,13.52x6.42x5.63
P1024,72.78,Home,BrandB,4.3,12.0x6.88x6.79
P1025,105.55,Clothing,BrandC,4.6,15.82x7.99x3.77
P1026,42.45,Books,BrandA,3.1,7.37x7.58x6.64
P1027,118.78,Books,BrandD,4.2,8.87x3.01x4.18
P1028,69.97,Toys,BrandA,3.7,10.69x4.76x3.0
P1029,85.42,Electronics,BrandE,4.0,11.94x8.86x6.09
P1030,69.91,Toys,BrandD,4.2,9.35x6.74x6.94
P1031,192.61,Home,BrandC,3.8,7.38x5.95x8.88
P1032,99.33,Clothing,BrandE,3.7,12.64x4.28x3.2
P1033,47.11,Home,BrandD,4.0,12.16x4.84x6.05
P1034,141.13,Books,BrandC,3.5,7.25x2.96x4.39
P1035,38.96,Toys,BrandA,3.5,14.07x6.8x6.18
P1036,110.44,Toys,BrandD,4.3,13.51x5.8x2.79
P1037,2.02,Toys,BrandC,3.4,10.4x5.07x3.11
P1038,33.59,Home,BrandA,4.3,10.24x6.86x3.84
P1039,109.84,Books,BrandE,4.2,11.66x7.73x5.12
P1040,136.92,Clothing,BrandE,3.1,7.41x11.19x4.04
P1041,108.57,Clothing,BrandE,3.7,10.09x3.98x5.99
P1042,94.22,Home,BrandE,4.6,3.54x9.32x6.54
P1043,84.94,Toys,BrandB,3.5,12.63x8.95x5.9
P1044,26.07,Electronics,BrandD,3.8,5.32x5.44x7.43
P1045,64.01,Home,BrandD,4.2,14.51x7.41x5.62
P1046,76.97,Home,BrandB,4.4,9.01x6.08x3.17
P1047,152.86,Books,BrandC,3.9,9.36x7.37x7.05
P1048,117.18,Clothing,BrandC,3.7,8.12x10.02x4.09
P1049,11.85,Home,BrandE,4.7,9.14x8.21x6.37
P1050,116.2,Home,BrandA,4.9,14.26x8.02x7.36
P1051,80.75,Toys,BrandC,4.5,2.54x6.14x5.69
P1052,66.15,Toys,BrandA,4.0,13.83x4.03x2.76
P1053,130.58,Electronics,BrandD,3.6,11.01x6.58x3.62
P1054,151.55,Books,BrandA,3.6,6.38x9.41x6.98
P1055,146.56,Electronics,BrandD,4.3,6.77x3.95x4.75
P1056,58.04,Toys,BrandB,4.2,15.03x4.89x5.12
P1057,84.54,Clothing,BrandB,4.7,7.16x7.25x6.14
P1058,116.56,Toys,BrandE,4.3,6.54x5.03x6.04
P1059,148.78,Books,BrandC,3.2,13.41x5.41x5.42
P1060,76.04,Toys,BrandE,4.5,11.02x6.15x4.69
P1061,90.72,Books,BrandD,3.5,7.19x4.27x4.53
P1062,44.68,Books,BrandE,3.8,10.65x5.05x6.29
P1063,40.19,Books,BrandA,4.1,6.92x8.41x5.83
P1064,140.63,Books,BrandD,5.0,13.3x4.39x4.61
P1065,167.81,Books,BrandB,5.0,13.18x3.8x6.62
P1066,96.4,Clothing,BrandC,4.3,11.6x5.74x4.81
P1067,150.18,Electronics,BrandD,3.9,11.08x8.46x3.72
P1068,118.08,Home,BrandD,4.3,15.28x6.61x3.86
P1069,67.74,Electronics,BrandA,4.4,10.0x6.07x3.53
P1070,118.07,Books,BrandC,3.8,6.45x7.09x4.59
P1071,176.9,Clothing,BrandB,4.9,11.35x3.51x6.85
P1072,98.21,Toys,BrandD,4.1,16.26x7.99x3.79
P1073,178.23,Clothing,BrandD,4.2,6.96x7.77x5.28
P1074,-30.99,Books,BrandA,4.3,8.92x6.18x4.01
P1075,141.1,Clothing,BrandE,4.2,11.25x9.01x4.61
P1076,104.35,Clothing,BrandB,4.4,9.84x4.75x2.73
P1077,85.05,Books,BrandC,3.7,7.05x9.26x4.67
P1078,104.59,Clothing,BrandD,3.7,13.37x7.31x4.71
P1079,0.62,Home,BrandD,3.4,16.96x6.33x5.81
P1080,89.02,Home,BrandB,4.2,10.59x6.96x5.33
P1081,117.86,Clothing,BrandE,4.4,7.29x6.79x3.2
P1082,173.89,Toys,BrandD,4.2,5.35x9.44x6.63
P1083,74.09,Books,BrandB,4.8,10.77x4.85x5.32
P1084,59.58,Home,BrandA,4.0,13.31x5.47x5.3
P1085,74.91,Toys,BrandE,4.3,11.43x9.07x4.99
P1086,145.77,Clothing,BrandC,3.5,9.99x5.81x4.22
P1087,116.44,Toys,BrandD,3.8,8.23x8.8x5.33
P1088,73.51,Electronics,BrandB,4.3,6.72x10.4x5.71
P1089,125.66,Home,BrandA,4.4,12.5x6.2x2.38
P1090,104.85,Clothing,BrandC,3.9,12.74x8.36x4.19
P1091,148.43,Books,BrandB,4.0,5.36x4.69x4.62
P1092,64.9,Clothing,BrandB,3.2,14.77x8.51x5.38
P1093,83.62,Books,BrandC,3.8,11.72x7.4x6.79
P1094,80.39,Clothing,BrandA,4.4,14.2x7.95x3.84
P1095,26.82,Toys,BrandA,4.3,5.97x5.71x4.25
P1096,114.81,Toys,BrandE,4.3,5.9x3.68x4.23
P1097,113.05,Toys,BrandD,4.0,9.55x8.01x3.8
P1098,100.26,Electronics,BrandC,4.0,11.51x2.87x4.48
P1099,88.27,Books,BrandC,3.7,15.39x6.37x6.16
P1100,29.23,Toys,BrandC,4.3,12.12x8.88x3.42
P1101,78.97,Electronics,BrandA,4.2,9.27x7.38x5.64
P1102,82.86,Books,BrandD,4.2,6.92x10.9x2.45
P1103,59.89,Clothing,BrandE,3.7,13.69x9.05x4.16
P1104,91.94,Electronics,BrandB,2.9,7.11x5.69x4.51
P1105,120.2,Home,BrandB,4.5,14.89x7.05x7.51
P1106,194.31,Electronics,BrandC,3.8,9.15x6.91x4.59
P1107,108.73,Electronics,BrandD,3.6,14.77x3.84x1.7
P1108,112.88,Books,BrandA,4.3,12.04x5.12x2.0
P1109,96.28,Clothing,BrandD,3.8,9.59x5.88x5.05
P1110,4.06,Home,BrandD,4.5,8.44x2.93x5.92
P1111,98.67,Toys,BrandA,4.3,8.98x7.09x5.56
P1112,103.01,Toys,BrandC,4.3,11.28x6.5x5.25
P1113,223.16,Electronics,BrandD,3.3,10.23x3.65x6.74
P1114,90.38,Books,BrandB,4.6,8.22x7.81x4.19
P1115,115.08,Books,BrandA,4.1,9.5x8.43x6.34
P1116,98.26,Toys,BrandE,3.8,10.24x7.45x2.55
P1117,41.57,Home,BrandC,4.1,3.61x6.35x3.64
P1118,157.14,Clothing,BrandA,3.1,11.37x8.18x2.29
P1119,137.6,Home,BrandE,4.2,7.06x8.36x4.59
P1120,139.55,Clothing,BrandE,3.5,6.54x7.61x4.93
P1121,54.53,Toys,BrandD,3.3,4.94x5.35x5.17
P1122,170.14,Clothing,BrandD,3.2,4.62x7.55x5.09
P1123,29.91,Books,BrandD,4.6,5.93x9.39x3.61
P1124,129.34,Electronics,BrandA,3.7,7.87x5.81x4.71
P1125,209.52,Electronics,BrandA,4.8,15.86x11.2x2.75
P1126,50.47,Toys,BrandC,3.7,8.42x5.95x7.04
P1127,71.69,Books,BrandD,3.1,10.53x7.06x4.54
P1128,104.98,Home,BrandE,3.4,11.2x5.66x4.27
P1129,74.83,Books,BrandB,4.6,10.39x7.45x7.38
P1130,22.47,Electronics,BrandC,3.9,9.77x3.52x3.14
P1131,103.43,Electronics,BrandA,3.7,6.41x5.91x3.31
P1132,46.88,Books,BrandC,4.1,14.35x4.82x3.36
P1133,123.68,Books,BrandC,4.3,15.42x7.27x4.9
P1134,54.03,Electronics,BrandC,4.6,4.95x8.99x5.65
P1135,177.5,Home,BrandC,4.7,6.93x8.29x6.11
P1136,60.84,Toys,BrandB,3.8,9.16x2.26x8.86
P1137,83.9,Toys,BrandD,3.3,7.11x11.08x1.63
P1138,140.68,Books,BrandE,3.8,11.52x7.59x5.91
P1139,38.46,Toys,BrandC,4.1,7.82x5.45x4.16
P1140,111.37,Electronics,BrandC,3.5,16.5x7.31x4.12
P1141,165.36,Electronics,BrandC,3.5,13.57x7.35x4.07
P1142,19.63,Books,BrandD,4.2,10.64x5.67x3.64
P1143,109.23,Books,BrandA,4.0,13.08x7.4x7.53
P1144,112.99,Books,BrandA,4.0,13.32x5.79x6.26
P1145,139.09,Home,BrandB,3.6,8.31x6.19x5.03
P1146,38.15,Toys,BrandA,3.9,7.55x5.63x7.03
P1147,33.98,Books,BrandC,3.5,10.23x4.13x2.73
P1148,126.1,Clothing,BrandC,4.4,12.58x7.29x3.0
P1149,114.85,Clothing,BrandC,4.5,10.42x8.17x1.73
P1150,112.52,Electronics,BrandB,3.1,5.27x8.03x3.95
P1151,117.32,Toys,BrandC,3.5,7.59x8.64x5.24
P1152,66.0,Books,BrandA,3.3,9.78x7.65x5.15
P1153,111.61,Clothing,BrandD,3.7,9.77x5.93x5.22
P1154,114.65,Toys,BrandD,4.0,15.92x8.68x2.88
P1155,64.28,Electronics,BrandE,3.3,5.84x4.28x6.2
P1156,193.29,Home,BrandA,3.5,11.52x5.2x5.36
P1157,123.69,Toys,BrandC,3.5,14.47x5.07x6.1
P1158,40.43,Toys,BrandD,4.1,16.81x9.16x2.16
P1159,132.83,Home,BrandA,4.0,8.79x8.89x5.47
P1160,51.27,Toys,BrandD,3.6,11.47x7.97x3.22
P1161,139.35,Electronics,BrandC,4.1,11.71x9.14x4.4
P1162,157.93,Electronics,BrandD,3.7,10.59x5.24x5.8
P1163,58.97,Home,BrandE,3.9,9.7x7.7x5.14
P1164,148.17,Books,BrandE,4.8,11.31x6.75x3.72
P1165,120.64,Clothing,BrandD,4.7,2.4x8.69x5.01
P1166,141.1,Books,BrandA,3.4,12.05x6.77x2.7
P1167,194.84,Toys,BrandA,4.4,10.38x6.23x6.73
P1168,87.73,Clothing,BrandA,4.4,9.33x8.08x4.69
P1169,62.31,Home,BrandD,3.4,16.14x8.75x6.68
P1170,55.52,Home,BrandA,4.4,7.98x5.66x4.21
P1171,59.21,Clothing,BrandC,4.8,8.79x6.88x4.21
P1172,96.14,Electronics,BrandE,3.4,15.97x4.88x3.85
P1173,117.06,Clothing,BrandC,3.5,7.5x2.0x6.31
P1174,113.83,Toys,BrandA,4.5,8.35x7.4x3.94
P1175,141.36,Electronics,BrandC,4.1,9.56x8.22x5.97
P1176,100.65,Home,BrandA,4.3,12.52x7.52x4.43
P1177,172.68,Clothing,BrandD,4.2,10.62x3.1x2.04
P1178,86.77,Books,BrandC,4.2,6.12x6.3x4.14
P1179,236.01,Books,BrandD,3.3,8.4x2.56x3.23
P1180,131.28,Toys,BrandD,4.5,8.18x9.74x5.05
P1181,57.14,Books,BrandB,4.6,9.77x4.83x3.21
P1182,46.46,Clothing,BrandA,3.9,11.28x9.51x6.39
P1183,124.12,Clothing,BrandE,4.0,11.25x8.89x4.86
P1184,88.83,Books,BrandA,3.2,4.67x5.2x4.73
P1185,135.7,Clothing,BrandE,4.3,13.19x4.73x5.98
P1186,123.66,Toys,BrandA,4.3,10.76x7.7x6.45
P1187,96.36,Electronics,BrandD,4.0,14.15x5.31x4.97
P1188,57.66,Toys,BrandC,4.6,11.33x7.2x3.84
P1189,24.26,Toys,BrandC,3.8,13.3x6.03x2.34
P1190,77.67,Clothing,BrandB,4.3,11.4x3.44x3.97
P1191,142.82,Electronics,BrandE,3.5,14.04x2.54x4.07
P1192,110.7,Clothing,BrandE,4.0,11.57x7.45x5.16
P1193,37.71,Home,BrandE,3.9,9.71x5.88x4.48
P1194,108.66,Clothing,BrandD,4.1,16.82x5.89x6.03
P1195,119.27,Clothing,BrandE,3.8,12.67x8.39x4.08
P1196,55.81,Clothing,BrandC,3.9,11.72x9.35x4.91
P1197,107.69,Electronics,BrandD,4.4,6.17x6.45x6.78
P1198,102.91,Clothing,BrandA,3.8,6.14x6.32x5.51
P1199,42.85,Electronics,BrandE,3.2,10.88x8.0x4.91
P1200,117.89,Books,BrandE,4.9,10.44x4.29x4.1
P1201,128.04,Home,BrandA,4.7,8.16x7.45x4.05
P1202,154.15,Electronics,BrandE,3.4,10.42x8.1x3.72
P1203,152.69,Books,BrandA,4.3,14.77x8.36x4.19
P1204,31.12,Electronics,BrandD,3.7,12.09x3.13x6.13
P1205,53.11,Electronics,BrandC,4.1,6.58x5.48x4.67
P1206,125.75,Home,BrandA,4.1,9.67x5.24x2.98
P1207,125.69,Toys,BrandB,3.9,7.59x7.2x7.65
P1208,125.75,Toys,BrandA,3.6,8.84x7.96x5.48
P1209,292.64,Electronics,BrandE,3.7,8.76x9.99x2.89
P1210,128.54,Clothing,BrandD,3.5,8.57x6.01x4.34
P1211,156.78,Books,BrandD,3.6,6.23x6.0x5.17
P1212,147.7,Clothing,BrandA,4.0,9.62x9.3x7.56
P1213,132.57,Clothing,BrandC,3.6,8.32x7.59x3.34
P1214,84.24,Electronics,BrandB,4.3,1.21x9.54x6.46
P1215,137.95,Electronics,BrandD,4.7,16.16x7.58x7.1
P1216,61.36,Electronics,BrandE,3.7,13.27x4.69x4.06
P1217,88.16,Electronics,BrandE,4.1,8.87x4.33x4.58
P1218,75.73,Toys,BrandC,4.2,10.06x3.9x3.45
P1219,104.09,Electronics,BrandD,4.2,6.49x8.32x4.69
P1220,215.73,Toys,BrandA,4.0,15.09x9.38x4.95
P1221,6.64,Toys,BrandE,4.4,15.69x10.7x5.99
P1222,134.31,Electronics,BrandC,4.2,10.47x8.69x6.64
P1223,19.36,Home,BrandD,3.4,13.07x9.33x3.88
P1224,76.4,Books,BrandD,4.4,10.53x5.84x2.05
P1225,154.45,Clothing,BrandD,4.4,5.99x4.69x4.97
P1226,103.21,Toys,BrandD,3.6,8.76x8.7x5.44
P1227,46.11,Books,BrandD,4.0,10.4x7.84x5.37
P1228,64.23,Home,BrandE,4.3,8.64x7.21x4.51
P1229,133.98,Clothing,BrandC,3.9,9.34x7.77x5.19
P1230,63.48,Clothing,BrandD,4.5,9.73x7.65x7.27
P1231,110.82,Toys,BrandB,5.0,9.76x9.57x5.57
P1232,102.28,Electronics,BrandB,3.6,10.16x9.59x4.44
P1233,67.42,Home,BrandC,3.3,6.82x8.09x4.25
P1234,207.2,Toys,BrandA,4.2,7.85x8.69x4.75
P1235,131.7,Home,BrandA,4.4,6.15x8.03x7.46
P1236,-1.26,Electronics,BrandA,3.9,12.93x6.08x4.73
P1237,109.32,Electronics,BrandB,4.7,3.68x8.51x4.97
P1238,66.91,Toys,BrandA,3.3,13.46x4.21x4.28
P1239,142.62,Electronics,BrandE,4.3,14.16x9.11x6.65
P1240,60.37,Books,BrandD,3.7,9.09x4.61x7.94
P1241,94.26,Clothing,BrandB,4.9,2.19x7.57x5.68
P1242,125.25,Toys,BrandC,5.0,8.92x5.31x5.12
P1243,143.29,Home,BrandC,3.6,9.81x8.11x5.06
P1244,39.99,Books,BrandD,3.7,6.97x6.93x1.42
P1245,83.27,Toys,BrandB,4.4,8.45x3.81x6.12
P1246,76.25,Electronics,BrandA,3.8,14.59x7.84x5.2
P1247,67.33,Electronics,BrandA,4.0,11.99x5.84x5.64
P1248,188.27,Electronics,BrandE,4.0,7.23x8.76x3.93
P1249,120.25,Electronics,BrandE,3.0,5.21x7.0x4.42
P1250,36.96,Home,BrandA,4.0,9.02x7.79x4.38
P1251,145.89,Books,BrandC,3.7,9.36x5.08x6.53
P1252,206.11,Clothing,BrandC,3.8,11.49x5.82x4.43
P1253,151.62,Home,BrandE,4.7,8.39x6.08x8.12
P1254,24.03,Home,BrandD,3.4,11.53x8.71x5.65
P1255,75.79,Clothing,BrandA,4.4,15.81x10.35x3.09
P1256,163.35,Clothing,BrandE,3.9,12.45x5.39x4.81
P1257,64.62,Electronics,BrandE,3.9,9.86x9.15x4.02
P1258,122.19,Home,BrandA,4.4,9.45x2.66x1.71
P1259,138.73,Toys,BrandA,4.2,8.93x4.61x7.4
P1260,53.65,Clothing,BrandC,4.3,13.54x5.08x6.05
P1261,97.02,Clothing,BrandD,4.5,8.12x4.29x5.8
P1262,-62.06,Books,BrandD,3.8,10.14x3.83x5.25
P1263,48.78,Toys,BrandA,3.7,10.15x7.83x2.93
P1264,87.37,Toys,BrandB,3.5,8.49x6.57x4.27
P1265,37.61,Clothing,BrandE,3.6,5.88x7.76x6.26
P1266,181.62,Electronics,BrandE,5.0,10.97x8.38x3.42
P1267,28.49,Books,BrandA,4.6,9.82x7.53x1.2
P1268,78.0,Toys,BrandB,3.3,11.5x8.32x4.66
P1269,106.54,Clothing,BrandC,3.3,8.4x6.86x4.79
P1270,172.06,Toys,BrandA,4.2,13.66x4.63x5.2
P1271,28.21,Books,BrandA,4.3,7.37x9.12x6.09
P1272,158.16,Books,BrandE,4.3,15.14x5.82x5.96
P1273,100.51,Home,BrandA,3.9,4.76x5.13x5.39
P1274,50.92,Clothing,BrandA,3.9,11.3x6.64x6.79
P1275,123.11,Books,BrandA,4.2,11.43x5.17x2.72
P1276,109.95,Home,BrandE,4.0,7.61x6.17x5.76
P1277,69.99,Home,BrandC,2.9,11.27x7.69x5.94
P1278,103.49,Toys,BrandC,3.9,13.84x7.7x3.14
P1279,80.73,Toys,BrandA,3.6,3.35x5.2x2.75
P1280,105.68,Home,BrandE,4.1,11.51x6.02x3.88
P1281,133.11,Toys,BrandC,5.0,2.52x9.15x4.01
P1282,179.3,Books,BrandC,4.2,7.1x7.99x6.13
P1283,38.11,Electronics,BrandC,3.8,14.89x11.15x4.08
P1284,206.65,Books,BrandE,4.5,8.25x9.36x3.72
P1285,2.4,Home,BrandE,4.2,6.48x9.29x4.08
P1286,92.41,Home,BrandA,4.2,9.41x4.22x6.68
P1287,129.42,Books,BrandD,4.3,16.2x8.53x5.02
P1288,114.05,Toys,BrandC,5.0,4.5x6.89x4.73
P1289,68.87,Toys,BrandD,3.4,6.85x5.9x4.83
P1290,89.59,Home,BrandE,4.2,14.49x7.34x6.94
P1291,75.35,Clothing,BrandE,3.5,15.57x8.89x3.88
P1292,70.53,Toys,BrandE,4.3,9.69x8.0x6.97
P1293,142.48,Books,BrandD,3.5,6.28x5.24x5.32
P1294,117.85,Toys,BrandE,3.8,16.29x8.48x4.76
P1295,65.35,Books,BrandA,3.9,14.78x5.72x8.75
P1296,144.98,Home,BrandE,4.5,12.04x7.43x3.42
P1297,115.36,Toys,BrandB,4.5,7.56x6.39x4.47
P1298,140.64,Books,BrandD,3.4,9.85x6.56x3.15
P1299,131.48,Home,BrandB,4.0,9.52x8.53x6.43
P1300,58.55,Clothing,BrandE,3.6,10.99x4.92x7.53
P1301,71.99,Books,BrandA,3.4,14.35x10.89x7.5
P1302,137.36,Clothing,BrandC,3.9,12.64x3.36x6.84
P1303,130.52,Clothing,BrandE,3.8,6.77x5.8x4.7
P1304,98.95,Electronics,BrandA,5.0,14.13x7.74x4.45
P1305,105.87,Toys,BrandD,4.2,10.94x8.17x2.49
P1306,163.88,Books,BrandB,3.3,12.06x6.8x8.05
P1307,70.42,Clothing,BrandB,3.7,14.4x6.89x5.7
P1308,127.35,Electronics,BrandB,4.5,6.67x7.82x4.26
P1309,89.89,Home,BrandD,5.0,9.89x6.54x6.99
P1310,89.12,Books,BrandA,3.2,8.41x9.79x3.54
P1311,154.94,Clothing,BrandD,3.1,5.3x8.68x5.61
P1312,141.27,Toys,BrandB,4.9,11.04x8.75x4.74
P1313,140.68,Electronics,BrandE,4.2,17.53x5.07x5.96
P1314,165.27,Clothing,BrandC,3.6,4.48x6.84x4.9
P1315,101.05,Toys,BrandD,4.3,9.9x6.4x2.82
P1316,134.1,Clothing,BrandD,2.7,11.92x4.99x5.11
P1317,84.49,Books,BrandA,4.0,10.37x7.72x6.57
P1318,116.21,Books,BrandA,4.2,9.66x5.92x4.96
P1319,93.49,Books,BrandD,4.5,6.1x8.31x6.16
P1320,104.85,Electronics,BrandB,3.5,10.7x4.86x3.43
P1321,129.76,Books,BrandC,4.0,7.73x10.44x4.96
P1322,59.09,Toys,BrandA,3.5,3.43x5.21x4.06
P1323,204.62,Clothing,BrandB,4.1,13.58x7.44x6.12
P1324,49.7,Home,BrandE,3.6,12.88x8.58x5.05
P1325,39.29,Toys,BrandA,3.8,10.15x5.86x6.04
P1326,157.91,Toys,BrandB,3.5,10.69x8.7x6.63
P1327,139.58,Books,BrandB,4.3,13.22x4.54x6.04
P1328,131.21,Electronics,BrandC,4.4,10.67x9.9x5.41
P1329,131.42,Clothing,BrandC,3.9,12.71x7.03x3.5
P1330,99.39,Electronics,BrandE,4.0,9.11x5.81x5.0
P1331,55.14,Clothing,BrandB,3.3,13.94x6.4x4.2
P1332,103.79,Clothing,BrandB,3.9,10.96x8.62x4.48
P1333,66.14,Electronics,BrandC,4.0,10.58x5.83x4.44
P1334,148.76,Toys,BrandA,5.0,6.19x5.5x3.53
P1335,92.65,Clothing,BrandA,3.4,10.86x6.56x2.06
P1336,58.73,Electronics,BrandD,4.7,7.5x4.65x4.0
P1337,83.93,Clothing,BrandC,4.5,8.09x10.64x5.29
P1338,120.65,Home,BrandD,4.1,7.55x5.87x2.98
P1339,71.81,Toys,BrandC,4.9,6.8x8.66x5.02
P1340,58.89,Books,BrandE,4.2,16.37x7.42x7.85
P1341,112.18,Clothing,BrandB,4.2,13.99x5.03x6.53
P1342,112.25,Home,BrandE,4.0,15.76x6.99x7.47
P1343,74.65,Books,BrandC,4.6,6.33x8.57x5.59
P1344,76.45,Books,BrandB,4.5,10.21x6.62x6.75
P1345,111.6,Clothing,BrandA,3.7,6.12x9.39x3.91
P1346,27.6,Electronics,BrandA,3.3,7.91x9.04x4.03
P1347,29.63,Clothing,BrandD,3.9,7.25x8.84x0.89
P1348,64.08,Home,BrandC,3.6,13.72x6.08x6.78
P1349,89.33,Books,BrandC,4.0,8.81x4.84x7.31
P1350,115.55,Clothing,BrandA,4.6,13.21x5.77x4.17
P1351,173.77,Electronics,BrandE,3.8,11.81x7.39x4.62
P1352,142.88,Clothing,BrandB,4.0,16.91x8.09x3.87
P1353,92.0,Toys,BrandE,4.0,5.56x2.66x5.57
P1354,99.05,Electronics,BrandE,4.4,13.78x6.98x6.69
P1355,49.87,Home,BrandA,2.9,13.44x7.32x2.39
P1356,99.07,Books,BrandA,3.7,7.08x6.44x5.61
P1357,85.57,Clothing,BrandA,4.1,13.02x9.58x4.58
P1358,116.14,Electronics,BrandD,4.6,11.01x7.84x5.17
P1359,58.64,Toys,BrandE,3.8,9.32x9.62x5.69
P1360,125.97,Electronics,BrandC,3.1,7.53x6.57x4.72
P1361,176.64,Toys,BrandB,4.3,7.84x8.87x4.84
P1362,94.56,Home,BrandD,3.7,16.15x10.27x4.68
P1363,120.09,Books,BrandC,3.4,10.0x9.62x6.46
P1364,134.51,Home,BrandE,3.7,12.35x4.82x5.63
P1365,79.94,Clothing,BrandA,3.9,7.63x6.49x5.33
P1366,111.2,Electronics,BrandE,3.7,7.66x6.31x3.09
P1367,100.63,Toys,BrandB,2.9,13.25x7.98x4.43
P1368,104.88,Toys,BrandD,4.4,5.95x8.37x6.35
P1369,61.35,Electronics,BrandD,4.6,8.75x5.32x5.06
P1370,101.23,Electronics,BrandB,4.3,10.1x7.14x5.99
P1371,124.9,Clothing,BrandC,3.4,10.33x2.96x7.65
P1372,172.56,Home,BrandC,3.9,9.46x9.88x6.56
P1373,147.96,Toys,BrandD,4.0,11.19x5.98x5.14
P1374,207.66,Clothing,BrandD,4.3,12.08x7.11x4.23
P1375,61.63,Home,BrandA,4.3,12.2x6.38x1.17
P1376,143.62,Clothing,BrandC,3.6,7.04x9.29x4.75
P1377,109.17,Toys,BrandB,4.0,9.15x1.32x4.51
P1378,209.49,Electronics,BrandC,4.2,13.58x6.97x5.59
P1379,59.59,Electronics,BrandA,4.7,12.68x6.79x4.77
P1380,58.01,Home,BrandD,4.4,5.88x6.09x4.52
P1381,70.03,Books,BrandD,4.4,11.05x10.45x2.33
P1382,-6.19,Home,BrandA,4.0,4.07x5.23x3.59
P1383,73.71,Books,BrandB,4.7,10.14x8.54x5.71
P1384,62.04,Clothing,BrandD,4.2,15.69x7.71x7.57
P1385,107.52,Clothing,BrandE,3.6,7.16x9.52x4.85
P1386,117.09,Toys,BrandD,4.7,7.5x5.67x5.49
P1387,193.81,Books,BrandE,4.3,12.29x5.53x6.43
P1388,147.52,Toys,BrandA,3.8,5.37x9.19x3.78
P1389,71.15,Electronics,BrandA,3.8,8.1x7.85x5.55
P1390,55.08,Books,BrandD,4.1,11.79x3.91x3.89
P1391,124.6,Home,BrandC,4.2,8.1x5.92x6.3
P1392,33.99,Electronics,BrandE,4.1,9.29x7.77x5.23
P1393,191.57,Electronics,BrandB,4.2,12.23x8.68x5.45
P1394,158.97,Home,BrandD,4.8,11.26x5.64x3.83
P1395,76.54,Electronics,BrandB,4.5,10.8x1.17x6.06
P1396,14.34,Books,BrandD,4.1,8.98x8.05x8.13
P1397,167.69,Toys,BrandC,4.5,11.11x4.56x3.49
P1398,94.27,Electronics,BrandC,3.5,9.63x2.97x4.49
P1399,161.89,Books,BrandC,4.2,11.37x1.34x5.35
P1400,20.28,Clothing,BrandC,4.9,8.51x8.63x6.18
P1401,70.03,Books,BrandA,3.9,9.45x7.26x4.16
P1402,100.26,Toys,BrandA,3.6,7.03x6.55x0.75
P1403,102.35,Books,BrandE,3.7,9.89x9.78x7.04
P1404,77.5,Home,BrandB,3.5,7.57x8.27x6.14
P1405,131.14,Toys,BrandD,3.6,6.66x10.23x2.39
P1406,46.62,Clothing,BrandD,3.8,10.78x4.21x4.09
P1407,92.88,Home,BrandA,3.3,10.64x6.93x7.35
P1408,106.01,Books,BrandD,4.0,12.35x3.77x7.17
P1409,125.72,Toys,BrandA,4.5,8.71x6.54x6.41
P1410,135.58,Clothing,BrandE,3.5,11.22x6.5x4.74
P1411,43.77,Home,BrandB,4.8,11.65x8.25x5.12
P1412,23.29,Clothing,BrandE,4.3,11.33x7.09x4.8
P1413,163.88,Books,BrandC,4.5,7.52x8.25x6.69
P1414,116.62,Clothing,BrandC,3.7,10.45x8.41x3.69
P1415,62.58,Electronics,BrandC,4.4,11.09x11.31x3.79
P1416,177.56,Home,BrandE,3.5,10.02x6.37x6.52
P1417,105.78,Clothing,BrandD,4.4,3.74x5.12x4.93
P1418,158.96,Books,BrandB,4.1,10.48x7.49x7.07
P1419,103.38,Books,BrandC,4.3,16.64x5.4x3.99
P1420,203.04,Clothing,BrandC,3.4,8.92x9.96x4.92
P1421,187.77,Books,BrandC,3.6,7.82x6.43x3.62
P1422,87.55,Toys,BrandB,4.3,11.12x5.87x5.01
P1423,148.58,Toys,BrandC,3.5,10.94x6.06x2.78
P1424,132.27,Toys,BrandB,4.2,13.58x8.44x4.27
P1425,168.43,Electronics,BrandC,3.3,6.23x6.68x2.85
P1426,51.75,Clothing,BrandE,4.4,12.19x5.72x6.04
P1427,134.3,Electronics,BrandE,3.4,11.77x10.33x6.07
P1428,152.92,Books,BrandB,4.3,9.57x5.29x2.4
P1429,12.06,Electronics,BrandE,4.3,11.02x7.07x7.0
P1430,40.84,Books,BrandB,3.7,13.09x8.3x8.75
P1431,-1.96,Books,BrandE,4.3,12.62x3.74x5.07
P1432,86.53,Home,BrandE,4.1,6.57x7.96x4.04
P1433,135.88,Toys,BrandB,3.7,12.46x4.89x9.24
P1434,175.12,Books,BrandD,3.5,9.81x8.65x3.02
P1435,103.7,Home,BrandE,3.0,10.22x5.07x5.03
P1436,181.43,Toys,BrandC,4.2,10.22x8.39x5.27
P1437,30.99,Books,BrandD,3.2,9.55x9.21x7.02
P1438,14.83,Books,BrandB,4.0,13.58x8.72x5.54
P1439,97.22,Electronics,BrandD,3.9,9.75x7.5x4.25
P1440,119.2,Electronics,BrandA,4.3,6.64x6.54x3.57
P1441,98.37,Toys,BrandA,3.8,8.82x5.85x4.49
P1442,-3.37,Books,BrandE,3.8,10.54x9.94x3.49
P1443,95.54,Clothing,BrandE,4.4,13.69x5.6x5.07
P1444,34.78,Electronics,BrandC,4.2,11.81x4.93x4.15
P1445,133.48,Toys,BrandD,4.2,7.45x8.33x2.76
P1446,118.33,Books,BrandA,4.2,17.46x5.41x6.88
P1447,53.01,Books,BrandE,3.2,10.79x5.1x4.25
P1448,74.31,Clothing,BrandD,4.4,13.83x4.11x3.1
P1449,47.04,Toys,BrandE,4.3,9.54x6.03x4.75
P1450,96.87,Books,BrandE,3.5,11.6x6.83x5.1
P1451,147.76,Electronics,BrandA,3.9,12.52x7.49x2.38
P1452,50.71,Clothing,BrandA,4.0,13.65x8.9x5.5
P1453,125.2,Toys,BrandE,3.9,13.17x8.05x3.43
P1454,73.49,Clothing,BrandB,4.2,12.62x6.62x7.57
P1455,60.36,Electronics,BrandE,4.7,9.05x6.6x5.79
P1456,94.65,Toys,BrandE,4.5,8.28x8.02x4.4
P1457,48.24,Clothing,BrandC,3.3,11.0x9.55x3.88
P1458,72.32,Home,BrandC,4.3,12.8x7.25x4.84
P1459,40.11,Electronics,BrandC,4.7,9.33x6.06x5.92
P1460,198.24,Electronics,BrandB,4.2,13.2x5.01x4.96
P1461,101.76,Electronics,BrandB,4.5,14.36x4.11x4.67
P1462,65.01,Home,BrandE,5.0,7.25x8.33x5.09
P1463,110.7,Home,BrandC,4.5,7.49x8.16x4.09
P1464,94.38,Books,BrandB,4.1,9.58x8.15x4.49
P1465,88.95,Clothing,BrandA,4.5,10.92x6.74x1.87
P1466,130.71,Books,BrandE,4.1,8.43x9.81x6.46
P1467,137.88,Clothing,BrandD,4.0,14.06x6.03x5.45
P1468,73.47,Home,BrandE,3.8,11.27x8.91x3.84
P1469,71.21,Home,BrandD,4.8,10.12x6.92x7.85
P1470,86.25,Books,BrandC,3.6,5.69x5.78x5.13
P1471,-15.1,Toys,BrandD,4.8,6.05x8.19x3.45
P1472,24.24,Books,BrandC,4.2,10.84x7.82x6.29
P1473,168.34,Clothing,BrandA,3.3,3.6x7.71x5.6
P1474,182.25,Books,BrandD,4.2,13.04x7.16x5.59
P1475,87.55,Electronics,BrandE,2.9,9.53x6.92x4.36
P1476,128.83,Clothing,BrandC,4.3,19.73x11.78x5.68
P1477,115.56,Clothing,BrandE,4.4,16.92x9.37x4.61
P1478,253.94,Toys,BrandB,3.7,9.46x8.45x5.83
P1479,155.98,Home,BrandC,4.1,9.68x7.22x2.14
P1480,93.6,Clothing,BrandD,5.0,12.99x9.01x4.35
P1481,52.22,Home,BrandC,3.7,15.11x8.04x7.58
P1482,19.68,Books,BrandE,3.5,5.09x7.05x3.85
P1483,110.17,Electronics,BrandA,4.7,4.64x6.39x4.09
P1484,62.18,Toys,BrandC,5.0,8.13x6.84x4.33
P1485,28.89,Home,BrandD,4.0,11.75x0.66x3.18
P1486,67.67,Clothing,BrandB,4.5,11.49x7.42x1.69
P1487,45.92,Home,BrandA,4.7,13.21x6.02x4.65
P1488,184.36,Clothing,BrandB,3.6,6.4x10.19x5.2
P1489,144.08,Home,BrandC,3.8,3.05x7.04x4.92
P1490,99.6,Clothing,BrandE,4.6,12.57x4.62x4.78
P1491,174.0,Books,BrandE,4.8,7.52x6.9x5.06
P1492,103.87,Clothing,BrandD,4.3,3.94x4.91x6.53
P1493,56.94,Clothing,BrandE,3.6,10.44x7.95x4.71
P1494,176.16,Electronics,BrandA,5.0,12.38x7.58x4.14
P1495,126.95,Clothing,BrandE,3.7,9.63x8.92x4.58
P1496,48.14,Electronics,BrandD,3.8,8.63x5.42x5.87
P1497,90.48,Toys,BrandC,4.2,9.52x7.07x7.12
P1498,56.22,Electronics,BrandC,4.8,8.89x4.27x4.06
P1499,30.86,Books,BrandE,4.4,5.96x8.4x5.15
P1500,146.31,Electronics,BrandB,4.2,7.86x8.04x5.51
P1501,195.47,Toys,BrandC,4.2,11.56x7.99x3.51
P1502,30.07,Books,BrandE,4.0,10.97x7.0x5.03
P1503,128.15,Home,BrandD,4.3,10.5x7.83x2.8
P1504,67.47,Home,BrandE,2.7,7.01x10.21x2.35
P1505,75.64,Electronics,BrandC,3.9,9.46x6.43x5.55
P1506,70.38,Electronics,BrandD,4.1,3.47x7.28x4.42
P1507,56.8,Toys,BrandE,3.4,10.54x4.83x5.3
P1508,102.43,Toys,BrandA,4.2,14.29x5.26x4.97
P1509,58.45,Clothing,BrandD,3.9,5.58x7.2x3.54
P1510,113.52,Toys,BrandA,4.9,8.24x9.21x4.93
P1511,97.49,Clothing,BrandB,4.8,10.99x6.49x3.15
P1512,88.05,Books,BrandD,3.8,13.76x6.53x7.09
P1513,54.62,Electronics,BrandA,3.9,8.66x6.19x2.97
P1514,71.16,Books,BrandC,4.0,7.92x5.93x4.71
P1515,137.77,Toys,BrandC,3.8,4.09x7.59x3.44
P1516,125.05,Books,BrandB,4.1,10.31x4.01x5.86
P1517,51.12,Books,BrandD,3.6,16.13x9.56x4.5
P1518,104.97,Books,BrandD,3.4,10.83x5.67x4.22
P1519,137.57,Toys,BrandD,4.3,9.93x8.44x6.28
P1520,16.53,Books,BrandB,4.3,10.97x4.46x5.04
P1521,127.17,Clothing,BrandD,3.6,9.97x8.34x5.77
P1522,66.87,Toys,BrandC,4.4,7.56x8.34x3.53
P1523,128.53,Books,BrandA,3.7,12.47x7.77x2.89
P1524,61.84,Toys,BrandC,4.1,10.68x5.01x5.16
P1525,9.76,Home,BrandC,4.4,10.05x7.5x4.52
P1526,18.62,Clothing,BrandA,4.0,7.07x4.63x5.94
P1527,102.4,Books,BrandC,4.2,13.91x6.49x4.88
P1528,112.99,Home,BrandB,3.7,11.99x9.06x5.31
P1529,54.78,Home,BrandA,3.9,8.34x8.59x2.56
P1530,131.93,Toys,BrandC,3.9,13.01x7.03x7.83
P1531,16.92,Home,BrandE,3.6,8.51x5.05x4.75
P1532,96.7,Clothing,BrandC,3.9,7.65x8.29x6.05
P1533,39.45,Clothing,BrandB,3.2,7.72x7.04x3.75
P1534,67.41,Electronics,BrandD,3.8,4.69x2.36x5.46
P1535,102.37,Clothing,BrandC,3.9,11.41x8.57x3.05
P1536,56.98,Home,BrandD,3.9,4.51x6.95x5.68
P1537,80.77,Clothing,BrandE,3.9,6.31x9.4x4.47
P1538,150.31,Toys,BrandC,4.0,3.77x4.81x5.04
P1539,71.16,Electronics,BrandA,4.2,9.74x0.65x6.05
P1540,141.78,Home,BrandD,4.4,9.55x7.56x3.15
P1541,43.51,Electronics,BrandE,3.7,9.02x7.58x3.97
P1542,126.49,Home,BrandA,3.4,6.87x3.62x5.69
P1543,172.08,Toys,BrandA,3.5,6.48x5.04x8.15
P1544,-23.58,Electronics,BrandA,3.8,11.39x12.51x4.79
P1545,60.16,Books,BrandA,3.8,8.35x6.39x5.89
P1546,128.85,Home,BrandC,3.6,10.95x8.46x4.84
P1547,89.85,Books,BrandC,3.4,7.34x5.7x7.91
P1548,118.56,Electronics,BrandC,3.8,10.54x2.82x2.38
P1549,69.8,Books,BrandE,4.1,13.91x6.66x5.14
P1550,104.33,Books,BrandE,4.3,11.76x6.47x2.56
P1551,92.22,Electronics,BrandE,3.7,8.76x6.2x1.24
P1552,158.39,Toys,BrandB,3.8,10.77x6.77x5.45
P1553,112.72,Books,BrandE,3.5,9.28x7.53x5.21
P1554,116.88,Books,BrandC,4.0,10.02x6.7x4.57
P1555,79.41,Toys,BrandC,3.6,9.02x4.47x4.84
P1556,75.62,Books,BrandB,4.3,9.51x7.97x9.65
P1557,78.37,Books,BrandB,3.1,10.64x3.1x4.61
P1558,119.72,Books,BrandE,3.8,7.02x2.9x5.77
P1559,78.95,Clothing,BrandD,4.2,6.95x8.48x4.03
P1560,114.49,Toys,BrandB,4.1,5.83x8.01x5.44
P1561,203.77,Books,BrandA,5.0,5.2x6.89x4.64
P1562,143.56,Toys,BrandC,4.2,6.35x4.21x4.38
P1563,83.7,Home,BrandA,3.5,10.48x5.58x7.73
P1564,160.06,Home,BrandC,4.0,7.32x6.47x6.77
P1565,79.6,Books,BrandC,3.1,11.54x3.81x5.21
P1566,-1.91,Toys,BrandB,4.0,10.1x5.52x1.54
P1567,49.6,Toys,BrandB,3.6,4.09x8.3x4.46
P1568,6.46,Toys,BrandA,4.5,11.96x9.85x9.05
P1569,82.42,Clothing,BrandC,3.7,12.43x6.16x4.65
P1570,100.92,Home,BrandA,3.9,7.02x8.51x6.65
P1571,183.82,Toys,BrandD,3.7,11.26x3.17x7.16
P1572,116.35,Toys,BrandA,4.9,7.43x8.32x5.33
P1573,89.04,Clothing,BrandE,3.8,10.29x5.39x3.74
P1574,141.47,Clothing,BrandA,4.9,6.21x7.61x1.35
P1575,-10.56,Toys,BrandE,4.4,4.62x6.5x6.03
P1576,111.78,Electronics,BrandE,4.2,8.85x9.64x3.78
P1577,138.54,Toys,BrandE,4.2,9.63x5.25x5.26
P1578,26.07,Toys,BrandD,4.2,8.81x8.26x3.13
P1579,157.19,Clothing,BrandA,3.0,6.45x6.44x4.6
P1580,116.92,Clothing,BrandA,3.9,8.8x6.68x5.05
P1581,79.24,Toys,BrandD,4.4,10.81x6.63x5.4
P1582,131.64,Toys,BrandC,4.0,9.87x5.31x3.33
P1583,213.53,Toys,BrandB,3.3,10.55x6.97x6.8
P1584,109.09,Clothing,BrandA,4.0,7.99x6.87x4.1
P1585,112.41,Toys,BrandB,4.9,13.52x7.48x2.49
P1586,77.03,Toys,BrandD,4.6,6.47x7.17x4.84
P1587,57.51,Books,BrandC,4.0,11.46x8.6x5.05
P1588,141.52,Electronics,BrandC,4.5,13.55x8.85x5.24
P1589,57.2,Home,BrandC,3.8,11.44x4.9x7.04
P1590,103.58,Electronics,BrandD,3.1,9.39x8.74x4.65
P1591,76.12,Books,BrandE,3.5,8.42x4.63x4.82
P1592,123.95,Home,BrandE,4.8,13.11x8.18x3.35
P1593,116.68,Toys,BrandB,3.9,5.73x8.24x6.23
P1594,151.88,Books,BrandE,3.9,7.09x3.18x5.28
P1595,74.5,Toys,BrandE,3.9,8.81x7.19x4.37
P1596,86.51,Clothing,BrandC,5.0,13.71x6.06x2.14
P1597,51.06,Books,BrandC,4.8,11.14x5.48x7.17
P1598,77.79,Clothing,BrandB,5.0,7.1x9.7x3.16
P1599,118.87,Books,BrandA,3.9,9.07x5.69x4.11
P1600,137.85,Books,BrandB,4.1,8.16x5.39x5.54
P1601,53.89,Clothing,BrandB,3.2,7.87x7.15x3.21
P1602,143.48,Home,BrandD,4.7,12.94x8.37x2.76
P1603,167.78,Electronics,BrandD,3.4,5.88x6.72x1.81
P1604,120.67,Toys,BrandB,4.1,14.83x9.33x6.08
P1605,193.84,Books,BrandB,3.5,12.48x8.06x4.18
P1606,61.31,Toys,BrandB,3.7,13.27x2.64x9.39
P1607,37.77,Clothing,BrandE,3.6,8.61x5.94x3.51
P1608,11.06,Toys,BrandD,3.7,9.55x5.88x3.62
P1609,174.8,Clothing,BrandB,3.7,5.7x7.96x4.15
P1610,132.72,Toys,BrandC,3.7,8.43x1.75x5.36
P1611,97.22,Electronics,BrandC,4.4,11.48x12.1x4.29
P1612,114.0,Electronics,BrandE,3.4,13.89x8.06x5.92
P1613,43.73,Electronics,BrandE,4.1,6.68x7.3x3.53
P1614,222.29,Electronics,BrandA,4.6,8.9x9.36x2.93
P1615,106.46,Electronics,BrandA,3.7,9.55x11.69x2.3
P1616,105.47,Electronics,BrandA,3.6,5.81x8.74x1.66
P1617,136.29,Clothing,BrandE,3.9,11.77x8.9x4.22
P1618,124.05,Books,BrandE,4.6,7.83x7.26x4.55
P1619,111.19,Toys,BrandE,4.1,9.41x6.72x4.05
P1620,60.48,Electronics,BrandC,3.7,8.64x6.05x6.87
P1621,123.57,Clothing,BrandE,4.2,7.63x5.35x6.84
P1622,194.1,Clothing,BrandC,3.4,9.98x5.63x4.5
P1623,167.27,Clothing,BrandA,4.3,9.35x4.3x2.31
P1624,179.66,Books,BrandA,4.2,8.88x6.85x4.15
P1625,74.44,Toys,BrandA,3.8,7.81x3.63x4.1
P1626,50.52,Books,BrandB,3.6,10.96x7.38x4.01
P1627,93.71,Home,BrandB,3.6,14.96x6.93x3.95
P1628,102.79,Clothing,BrandD,4.3,10.42x7.29x4.02
P1629,154.71,Home,BrandD,4.6,12.99x5.96x4.42
P1630,15.38,Electronics,BrandD,3.7,5.83x13.15x4.05
P1631,176.48,Electronics,BrandB,4.2,10.47x9.72x5.31
P1632,92.1,Books,BrandB,3.0,6.71x4.51x5.54
P1633,78.66,Toys,BrandD,3.7,5.57x7.47x3.63
P1634,49.39,Home,BrandD,4.0,7.78x5.78x6.91
P1635,17.26,Toys,BrandE,3.5,13.58x4.97x3.53
P1636,141.16,Books,BrandD,3.5,12.85x4.32x2.57
P1637,103.67,Electronics,BrandE,3.7,10.73x7.86x5.57
P1638,35.5,Toys,BrandC,4.1,5.4x5.64x3.77
P1639,35.25,Toys,BrandB,3.9,9.41x8.94x5.48
P1640,83.21,Electronics,BrandD,2.9,10.91x8.99x1.39
P1641,183.45,Home,BrandB,2.9,10.53x9.75x7.09
P1642,87.02,Electronics,BrandB,3.7,4.47x5.3x6.01
P1643,24.84,Toys,BrandB,4.2,7.33x7.95x2.75
P1644,87.71,Home,BrandC,2.6,9.81x8.26x2.78
P1645,86.36,Home,BrandA,3.8,11.61x6.05x7.51
P1646,-34.84,Electronics,BrandD,3.7,3.41x5.46x3.89
P1647,97.29,Toys,BrandA,4.7,9.51x10.22x3.75
P1648,88.45,Books,BrandA,3.8,10.43x7.45x1.6
P1649,134.81,Toys,BrandA,4.2,12.55x8.27x4.47
P1650,192.45,Clothing,BrandB,4.1,12.08x5.36x4.66
P1651,156.33,Books,BrandE,2.9,11.75x4.56x6.07
P1652,86.56,Home,BrandB,4.4,7.6x5.86x2.9
P1653,44.67,Books,BrandB,4.1,4.28x6.75x2.72
P1654,228.67,Home,BrandA,4.3,8.82x4.87x5.68
P1655,102.96,Home,BrandB,5.0,13.0x6.98x6.51
P1656,100.7,Books,BrandA,3.0,14.18x3.62x2.64
P1657,98.79,Home,BrandE,4.9,12.13x4.76x6.62
P1658,109.9,Home,BrandD,3.9,11.29x8.34x5.06
P1659,92.78,Clothing,BrandA,4.1,11.14x8.21x6.64
P1660,71.32,Toys,BrandE,4.0,8.33x6.22x4.89
P1661,72.66,Toys,BrandD,3.8,9.61x4.96x1.22
P1662,98.36,Clothing,BrandC,3.7,15.01x4.95x4.77
P1663,72.83,Books,BrandA,4.2,7.17x6.25x6.59
P1664,64.36,Electronics,BrandA,3.2,14.84x8.29x3.66
P1665,105.32,Electronics,BrandC,4.4,9.03x8.86x4.42
P1666,87.25,Electronics,BrandC,3.8,13.98x6.01x4.74
P1667,175.2,Clothing,BrandA,3.4,5.78x4.69x0.65
P1668,-32.55,Clothing,BrandC,3.8,11.76x7.54x7.51
P1669,154.58,Home,BrandB,4.6,7.79x5.35x3.65
P1670,162.3,Electronics,BrandD,3.7,5.75x5.96x5.76
P1671,-3.67,Books,BrandD,4.2,10.66x9.65x4.87
P1672,82.87,Books,BrandD,3.6,13.03x8.65x6.89
P1673,81.43,Electronics,BrandB,4.4,7.47x7.32x5.61
P1674,29.62,Electronics,BrandC,4.3,5.5x4.46x4.65
P1675,61.11,Electronics,BrandE,4.9,9.72x7.42x3.66
P1676,44.47,Clothing,BrandC,3.9,9.74x9.13x6.2
P1677,187.61,Clothing,BrandA,4.3,11.64x6.25x2.19
P1678,146.78,Clothing,BrandD,4.0,12.85x9.7x5.97
P1679,163.58,Toys,BrandC,4.6,9.82x9.59x3.35
P1680,136.08,Books,BrandE,3.6,15.57x10.33x6.88
P1681,43.55,Books,BrandA,4.4,10.67x7.61x5.24
P1682,73.77,Home,BrandB,3.9,8.96x8.17x5.97
P1683,124.47,Clothing,BrandB,4.0,5.17x9.83x5.12
P1684,38.89,Toys,BrandE,4.0,9.21x7.89x2.37
P1685,135.65,Toys,BrandA,4.1,8.99x6.0x3.71
P1686,87.98,Books,BrandD,3.9,12.88x6.1x6.01
P1687,81.26,Clothing,BrandC,4.1,11.39x7.48x5.25
P1688,135.55,Home,BrandA,4.8,6.46x4.42x6.77
P1689,122.21,Clothing,BrandB,4.5,10.52x6.71x5.6
P1690,81.95,Electronics,BrandE,4.4,12.01x9.19x3.55
P1691,157.97,Clothing,BrandE,3.8,14.58x2.62x3.81
P1692,45.95,Electronics,BrandC,3.6,12.66x10.07x5.15
P1693,130.8,Electronics,BrandE,4.5,12.28x9.24x1.53
P1694,129.66,Home,BrandE,4.4,10.18x6.08x7.51
P1695,84.52,Books,BrandA,4.7,11.16x8.09x5.66
P1696,116.31,Clothing,BrandD,3.7,13.75x7.01x6.84
P1697,37.44,Electronics,BrandC,3.9,6.0x9.46x2.63
P1698,146.2,Clothing,BrandA,3.2,8.95x8.97x6.87
P1699,90.75,Books,BrandD,3.8,7.68x4.2x8.35
P1700,73.86,Books,BrandA,4.5,11.14x8.17x3.02
P1701,152.45,Toys,BrandA,3.8,13.69x6.59x6.16
P1702,64.78,Books,BrandE,4.3,8.21x7.17x5.0
P1703,29.58,Home,BrandD,3.9,2.83x5.54x2.68
P1704,22.17,Electronics,BrandC,4.2,8.76x10.5x5.74
P1705,130.3,Toys,BrandC,3.4,12.74x9.08x6.25
P1706,35.98,Home,BrandD,4.0,11.61x5.52x4.1
P1707,187.74,Clothing,BrandE,2.5,11.28x4.33x6.75
P1708,-4.1,Electronics,BrandB,3.9,9.16x6.23x2.5
P1709,184.82,Books,BrandA,3.2,6.16x7.87x2.76
P1710,110.55,Electronics,BrandE,4.6,11.55x7.48x5.2
P1711,95.16,Clothing,BrandD,4.4,7.5x9.51x5.04
P1712,72.75,Toys,BrandA,4.2,16.55x8.58x3.93
P1713,119.96,Toys,BrandC,4.8,11.71x8.94x6.21
P1714,98.12,Toys,BrandB,3.5,8.26x7.65x5.8
P1715,155.17,Books,BrandC,4.9,8.17x4.22x6.29
P1716,105.71,Home,BrandD,4.5,9.72x6.61x4.82
P1717,107.52,Home,BrandA,3.9,9.28x9.12x5.9
P1718,81.82,Electronics,BrandD,4.6,13.35x6.9x4.33
P1719,97.15,Books,BrandA,3.4,10.56x8.01x8.08
P1720,115.39,Toys,BrandE,3.6,7.81x6.36x3.78
P1721,14.49,Toys,BrandB,3.7,15.67x4.94x8.16
P1722,32.59,Clothing,BrandE,3.7,10.15x6.75x5.05
P1723,137.16,Clothing,BrandE,3.5,12.31x7.62x2.94
P1724,108.54,Toys,BrandD,4.6,8.18x5.69x7.05
P1725,90.8,Toys,BrandB,3.9,11.09x6.53x5.19
P1726,100.92,Books,BrandA,4.2,10.93x5.12x6.28
P1727,117.38,Home,BrandA,3.7,4.33x9.24x6.84
P1728,73.01,Clothing,BrandC,3.1,16.05x6.41x5.51
P1729,61.08,Home,BrandA,4.1,13.87x9.91x4.11
P1730,109.79,Books,BrandD,3.0,8.81x10.06x6.46
P1731,51.08,Toys,BrandE,4.0,6.69x6.84x5.0
P1732,120.41,Home,BrandE,3.3,11.04x4.98x6.03
P1733,14.87,Toys,BrandE,5.0,10.26x2.83x1.77
P1734,151.46,Toys,BrandB,4.5,11.07x4.06x5.67
P1735,123.63,Electronics,BrandA,4.1,10.57x4.25x4.04
P1736,112.8,Home,BrandD,4.6,11.52x9.76x7.48
P1737,149.13,Home,BrandB,3.6,14.34x7.23x5.93
P1738,183.27,Toys,BrandC,4.3,11.7x7.78x5.36
P1739,150.72,Books,BrandD,4.1,6.85x2.56x5.73
P1740,7.96,Electronics,BrandD,4.1,14.09x4.6x3.5
P1741,36.02,Toys,BrandD,4.6,14.92x8.77x7.43
P1742,68.76,Clothing,BrandE,4.4,19.46x7.57x7.99
P1743,101.3,Clothing,BrandD,4.1,6.63x6.71x5.59
P1744,125.88,Electronics,BrandA,3.2,10.73x8.13x7.39
P1745,63.71,Books,BrandD,3.5,3.75x10.27x4.15
P1746,109.34,Toys,BrandE,3.9,11.66x6.56x3.8
P1747,62.23,Home,BrandD,4.0,8.36x7.14x5.06
P1748,69.42,Electronics,BrandC,3.4,15.77x7.39x5.65
P1749,29.67,Books,BrandC,5.0,7.68x11.78x4.41
P1750,53.84,Home,BrandE,4.8,4.93x2.8x5.81
P1751,32.42,Clothing,BrandA,4.3,8.59x8.37x5.46
P1752,51.21,Clothing,BrandA,4.0,4.07x6.77x3.5
P1753,152.68,Home,BrandB,3.9,12.25x8.13x5.78
P1754,52.53,Electronics,BrandE,3.5,3.8x5.69x6.3
P1755,231.62,Clothing,BrandD,4.0,10.09x6.9x5.26
P1756,124.67,Toys,BrandE,4.1,3.77x8.42x6.73
P1757,109.24,Home,BrandB,3.4,9.04x13.23x3.17
P1758,57.08,Home,BrandE,4.2,14.93x8.62x5.7
P1759,135.02,Clothing,BrandE,3.9,11.08x5.3x3.24
P1760,71.22,Electronics,BrandB,3.0,7.41x6.15x3.33
P1761,106.1,Toys,BrandA,3.6,9.91x6.09x4.05
P1762,228.0,Electronics,BrandD,3.8,10.05x3.41x3.59
P1763,95.2,Books,BrandB,4.9,11.42x6.34x4.18
P1764,157.46,Books,BrandC,4.3,5.9x8.47x4.68
P1765,64.84,Clothing,BrandA,3.3,11.78x4.45x6.26
P1766,98.25,Clothing,BrandC,4.2,1.89x9.1x4.52
P1767,188.54,Clothing,BrandA,3.2,8.11x7.98x2.62
P1768,68.65,Books,BrandD,4.5,8.54x5.53x6.71
P1769,190.62,Electronics,BrandD,3.8,11.9x6.72x3.74
P1770,135.39,Electronics,BrandE,4.0,10.07x10.2x4.91
P1771,71.88,Clothing,BrandC,4.7,5.78x8.47x5.67
P1772,131.62,Toys,BrandA,3.4,7.05x7.02x5.3
P1773,148.63,Electronics,BrandD,3.3,10.6x6.52x6.64
P1774,131.09,Books,BrandB,3.7,9.76x7.15x5.72
P1775,21.49,Home,BrandD,4.5,8.26x5.98x3.71
P1776,63.64,Home,BrandB,3.2,8.56x2.79x8.27
P1777,87.62,Home,BrandA,2.6,12.09x11.08x5.29
P1778,96.28,Toys,BrandD,3.8,8.45x7.31x4.78
P1779,131.03,Clothing,BrandD,4.3,9.74x7.8x6.45
P1780,108.89,Books,BrandA,4.6,16.51x6.88x5.37
P1781,33.23,Toys,BrandD,3.8,5.73x5.53x5.6
P1782,119.01,Books,BrandB,3.8,4.44x6.63x8.74
P1783,130.53,Books,BrandD,4.6,12.35x3.8x4.59
P1784,127.99,Clothing,BrandC,3.1,7.96x11.55x4.52
P1785,154.04,Home,BrandE,3.8,9.05x4.53x5.17
P1786,141.7,Clothing,BrandB,4.1,7.66x4.94x6.61
P1787,122.96,Toys,BrandC,4.2,9.22x6.12x2.74
P1788,96.49,Toys,BrandA,3.7,14.8x9.58x2.05
P1789,16.95,Toys,BrandB,4.0,12.41x7.03x4.12
P1790,121.48,Clothing,BrandE,2.8,12.59x4.53x2.55
P1791,110.38,Books,BrandE,3.7,5.75x9.51x4.36
P1792,113.58,Books,BrandA,4.2,6.55x8.46x5.75
P1793,36.16,Electronics,BrandA,3.5,1.48x8.08x3.66
P1794,45.95,Toys,BrandB,4.0,7.57x8.43x2.86
P1795,152.66,Books,BrandD,4.2,12.87x11.79x5.1
P1796,98.02,Electronics,BrandA,3.8,11.55x11.37x6.29
P1797,134.08,Books,BrandD,4.1,9.34x5.63x2.46
P1798,101.42,Toys,BrandC,3.5,9.93x10.25x6.23
P1799,101.49,Home,BrandE,3.9,7.93x7.77x6.23
P1800,146.91,Toys,BrandD,4.3,10.61x8.0x6.43
P1801,74.2,Clothing,BrandE,4.1,12.3x3.62x6.83
P1802,104.81,Books,BrandD,3.7,5.15x6.66x8.3
P1803,76.89,Books,BrandC,4.1,10.9x5.37x4.47
P1804,78.28,Clothing,BrandA,4.4,12.8x8.66x5.16
P1805,84.54,Clothing,BrandC,3.0,8.75x9.14x4.38
P1806,111.11,Home,BrandA,4.6,12.1x2.85x5.0
P1807,76.06,Books,BrandA,3.8,18.44x6.96x7.3
P1808,162.79,Books,BrandE,4.2,9.69x9.24x2.98
P1809,55.27,Home,BrandC,4.6,11.18x6.63x3.71
P1810,90.66,Electronics,BrandD,3.3,7.79x8.46x7.07
P1811,78.01,Home,BrandC,3.6,10.54x7.7x6.53
P1812,172.35,Toys,BrandE,3.9,11.38x7.68x4.46
P1813,109.83,Books,BrandA,3.6,10.58x6.46x6.28
P1814,151.59,Clothing,BrandE,4.9,6.94x4.57x5.51
P1815,25.72,Toys,BrandB,3.6,10.62x4.76x7.25
P1816,113.35,Books,BrandB,3.7,14.39x8.42x5.11
P1817,144.48,Home,BrandD,4.1,11.35x7.04x6.54
P1818,104.11,Toys,BrandE,3.4,12.89x6.72x8.96
P1819,153.27,Books,BrandD,3.8,9.29x6.15x5.9
P1820,74.14,Electronics,BrandD,4.2,12.25x6.39x5.07
P1821,170.47,Electronics,BrandB,3.8,10.84x9.09x6.08
P1822,214.94,Clothing,BrandD,4.0,7.15x6.33x4.45
P1823,81.86,Books,BrandB,3.7,10.96x4.32x8.58
P1824,77.72,Electronics,BrandA,3.2,7.02x8.49x5.27
P1825,172.67,Home,BrandE,4.2,8.1x6.59x4.59
P1826,178.98,Books,BrandD,4.9,10.57x7.06x3.75
P1827,73.86,Home,BrandB,4.0,10.89x10.22x6.65
P1828,78.99,Home,BrandC,4.1,6.43x6.96x6.3
P1829,85.91,Electronics,BrandD,4.3,13.16x7.58x4.25
P1830,32.78,Books,BrandA,3.4,11.72x4.64x5.86
P1831,54.07,Toys,BrandA,4.9,7.89x6.56x2.74
P1832,49.79,Electronics,BrandC,4.1,5.39x8.22x5.28
P1833,61.61,Electronics,BrandB,4.8,9.57x3.89x5.68
P1834,98.27,Books,BrandD,3.6,8.66x7.4x7.56
P1835,111.71,Books,BrandB,4.9,10.34x7.2x3.84
P1836,177.53,Home,BrandA,4.4,8.91x7.08x3.08
P1837,50.08,Books,BrandB,4.3,3.98x9.07x3.66
P1838,149.22,Home,BrandA,4.1,8.83x7.67x3.0
P1839,89.3,Electronics,BrandB,3.9,9.08x9.96x7.0
P1840,97.53,Clothing,BrandC,4.6,11.9x5.01x7.32
P1841,133.74,Toys,BrandE,4.1,7.91x7.27x5.48
P1842,43.86,Electronics,BrandC,3.0,15.04x7.17x6.83
P1843,119.12,Books,BrandC,3.4,4.27x4.86x5.2
P1844,108.32,Toys,BrandE,3.9,13.93x8.91x4.86
P1845,124.62,Clothing,BrandE,4.2,9.33x11.65x4.5
P1846,114.46,Clothing,BrandD,4.0,12.58x6.97x4.53
P1847,222.77,Home,BrandD,4.6,10.24x8.01x2.68
P1848,68.11,Toys,BrandC,3.0,13.42x7.17x5.4
P1849,73.45,Home,BrandC,4.1,8.84x5.57x4.94
P1850,68.84,Electronics,BrandA,3.1,6.7x3.36x6.12
P1851,72.23,Toys,BrandA,4.4,14.26x5.59x5.14
P1852,68.13,Electronics,BrandD,4.0,9.66x4.22x4.76
P1853,159.45,Home,BrandD,4.2,10.66x10.41x3.69
P1854,171.03,Toys,BrandA,3.6,13.7x6.77x5.11
P1855,71.46,Home,BrandA,4.6,6.9x6.31x6.11
P1856,58.38,Toys,BrandB,4.5,11.79x8.78x3.28
P1857,123.57,Home,BrandB,4.3,8.23x4.76x5.13
P1858,72.39,Clothing,BrandA,3.9,9.6x5.47x5.35
P1859,131.65,Home,BrandB,4.3,10.22x7.14x3.92
P1860,110.15,Clothing,BrandE,3.6,5.5x9.06x4.12
P1861,24.21,Home,BrandD,4.4,7.66x8.0x5.35
P1862,177.38,Toys,BrandD,4.8,14.05x7.5x3.3
P1863,189.79,Toys,BrandA,4.5,12.66x7.16x5.52
P1864,69.36,Toys,BrandC,3.6,9.81x7.8x3.66
P1865,80.61,Books,BrandA,4.2,10.73x7.4x6.59
P1866,114.29,Electronics,BrandB,3.4,9.12x4.94x8.51
P1867,116.72,Toys,BrandC,4.3,14.07x7.09x3.71
P1868,132.93,Clothing,BrandB,4.2,9.4x4.85x5.8
P1869,200.51,Toys,BrandE,3.1,10.7x7.16x3.91
P1870,91.15,Books,BrandB,3.4,13.44x6.04x6.56
P1871,60.09,Clothing,BrandE,3.9,7.67x12.08x3.1
P1872,31.03,Books,BrandE,3.8,14.68x6.92x5.72
P1873,63.45,Clothing,BrandB,3.4,5.41x4.19x3.69
P1874,98.34,Home,BrandB,4.2,14.89x6.73x4.69
P1875,189.73,Electronics,BrandE,4.1,8.88x8.04x3.45
P1876,74.12,Electronics,BrandC,3.9,9.27x10.35x6.23
P1877,111.19,Books,BrandE,3.6,4.33x5.82x3.74
P1878,99.18,Electronics,BrandD,4.5,8.64x3.84x5.83
P1879,159.42,Books,BrandE,4.8,6.88x8.63x4.48
P1880,226.35,Books,BrandC,3.8,8.18x4.24x4.83
P1881,73.46,Books,BrandD,3.7,9.59x6.13x5.22
P1882,75.53,Electronics,BrandA,4.2,12.87x6.48x3.86
P1883,152.21,Books,BrandA,3.8,10.62x6.86x5.32
P1884,134.09,Electronics,BrandC,3.9,10.92x8.38x7.3
P1885,192.34,Books,BrandE,4.4,6.71x5.63x3.83
P1886,129.2,Toys,BrandB,3.0,7.36x6.45x6.76
P1887,82.04,Books,BrandC,4.7,15.4x6.97x7.25
P1888,129.53,Clothing,BrandD,4.0,7.79x7.3x3.78
P1889,155.44,Books,BrandD,3.8,14.97x7.2x2.82
P1890,141.02,Home,BrandA,4.0,9.27x7.87x5.45
P1891,125.36,Books,BrandD,4.0,10.01x8.69x4.18
P1892,153.33,Clothing,BrandC,3.1,13.21x7.79x7.8
P1893,158.46,Clothing,BrandD,4.7,13.82x7.91x5.05
P1894,169.11,Electronics,BrandC,4.0,9.67x3.84x3.8
P1895,132.44,Toys,BrandB,4.2,8.84x7.1x3.28
P1896,91.64,Books,BrandA,4.5,9.83x7.96x6.63
P1897,107.34,Electronics,BrandD,3.5,11.01x8.46x4.14
P1898,160.33,Toys,BrandC,4.2,12.67x5.62x5.07
P1899,59.15,Books,BrandE,3.9,10.01x5.68x6.43
P1900,118.43,Home,BrandA,4.4,11.86x5.85x4.27
P1901,80.33,Books,BrandB,2.9,14.92x8.07x4.93
P1902,101.44,Clothing,BrandC,4.0,11.14x9.07x4.98
P1903,163.92,Clothing,BrandB,3.7,10.93x6.19x6.02
P1904,109.55,Home,BrandB,4.2,5.44x8.82x5.89
P1905,102.32,Electronics,BrandD,4.2,2.11x7.25x4.67
P1906,32.01,Toys,BrandD,3.6,11.17x6.75x5.1
P1907,137.31,Books,BrandC,3.6,9.72x6.58x4.44
P1908,132.27,Clothing,BrandE,3.9,8.46x8.49x2.78
P1909,208.16,Electronics,BrandC,3.6,10.73x7.65x5.39
P1910,84.61,Home,BrandE,4.4,9.82x11.55x7.84
P1911,110.96,Clothing,BrandB,3.8,13.38x5.3x3.67
P1912,112.47,Home,BrandA,2.5,10.26x8.04x3.84
P1913,178.87,Books,BrandC,3.8,7.76x5.94x3.69
P1914,95.24,Toys,BrandC,3.5,12.97x5.26x6.09
P1915,113.95,Clothing,BrandE,3.2,9.35x6.98x5.67
P1916,130.39,Clothing,BrandB,3.4,11.58x7.27x4.76
P1917,109.33,Books,BrandB,4.1,8.57x12.84x3.62
P1918,77.68,Electronics,BrandE,4.7,8.05x6.63x5.14
P1919,109.7,Toys,BrandB,4.2,10.25x4.74x2.65
P1920,153.68,Clothing,BrandD,3.7,10.04x7.55x5.22
P1921,48.67,Toys,BrandA,4.2,11.44x2.85x6.31
P1922,106.65,Clothing,BrandC,3.8,9.19x6.82x3.12
P1923,64.99,Toys,BrandA,3.7,4.49x7.03x2.7
P1924,159.75,Home,BrandC,3.4,8.7x8.59x7.37
P1925,23.84,Clothing,BrandD,3.1,12.38x8.95x4.08
P1926,72.05,Toys,BrandB,3.8,9.11x5.99x6.7
P1927,118.86,Electronics,BrandE,4.1,9.26x6.7x4.77
P1928,178.28,Home,BrandD,4.0,12.96x5.47x4.76
P1929,96.71,Home,BrandA,3.8,7.86x4.74x5.66
P1930,72.24,Electronics,BrandE,3.5,5.37x7.62x3.67
P1931,194.06,Toys,BrandB,4.3,9.52x4.45x5.2
P1932,27.6,Books,BrandD,3.3,8.55x6.17x4.43
P1933,-9.94,Electronics,BrandE,4.4,7.1x5.01x3.02
P1934,122.0,Toys,BrandD,3.5,9.47x8.1x5.51
P1935,74.9,Electronics,BrandD,3.6,11.47x10.6x4.61
P1936,48.94,Electronics,BrandB,3.3,9.97x4.4x4.76
P1937,135.42,Clothing,BrandC,3.7,10.92x3.29x3.18
P1938,112.19,Toys,BrandE,4.5,15.44x6.75x7.39
P1939,71.8,Books,BrandB,4.3,8.97x7.03x6.32
P1940,35.98,Clothing,BrandD,4.5,10.84x7.44x6.45
P1941,143.62,Electronics,BrandB,4.3,8.47x6.11x4.54
P1942,132.51,Electronics,BrandC,3.4,7.46x6.6x2.41
P1943,95.04,Electronics,BrandE,3.8,8.25x7.74x7.93
P1944,192.33,Toys,BrandC,3.6,8.56x9.08x4.91
P1945,46.5,Toys,BrandA,4.7,11.08x3.09x3.88
P1946,23.72,Clothing,BrandE,3.4,17.05x6.26x5.63
P1947,65.4,Books,BrandC,4.4,7.85x7.43x6.75
P1948,97.72,Clothing,BrandD,4.4,8.75x5.16x4.97
P1949,112.17,Home,BrandE,4.9,9.81x10.46x6.92
P1950,87.94,Electronics,BrandE,3.8,11.19x5.73x6.62
P1951,117.6,Electronics,BrandB,4.4,10.79x6.92x3.39
P1952,37.42,Electronics,BrandD,5.0,13.85x8.11x3.99
P1953,172.19,Clothing,BrandA,3.7,2.72x5.82x6.44
P1954,95.89,Clothing,BrandC,3.2,2.84x3.31x0.93
P1955,155.86,Electronics,BrandB,3.1,8.51x6.14x4.78
P1956,117.14,Clothing,BrandC,4.4,13.29x9.06x2.85
P1957,122.84,Toys,BrandA,3.1,5.3x6.33x4.29
P1958,128.49,Toys,BrandA,3.8,0.98x5.31x4.55
P1959,122.39,Clothing,BrandE,4.2,11.71x8.85x4.46
P1960,132.14,Electronics,BrandA,4.1,10.73x6.34x4.17
P1961,166.46,Clothing,BrandC,4.2,6.73x5.98x3.35
P1962,109.83,Clothing,BrandD,4.1,7.04x7.3x8.44
P1963,135.45,Clothing,BrandD,4.6,7.09x8.54x7.8
P1964,95.51,Home,BrandE,3.5,10.33x11.76x3.26
P1965,172.01,Toys,BrandC,3.7,8.12x8.65x7.37
P1966,66.18,Books,BrandC,3.6,11.48x9.32x4.4
P1967,190.05,Books,BrandA,4.4,1.44x5.99x5.19
P1968,97.99,Home,BrandC,4.5,7.43x4.95x4.91
P1969,28.46,Clothing,BrandB,4.2,6.62x7.12x4.01
P1970,106.41,Home,BrandA,4.6,9.23x7.21x6.48
P1971,65.95,Home,BrandB,3.4,8.39x4.84x5.19
P1972,142.03,Electronics,BrandE,4.8,12.39x6.65x4.29
P1973,67.37,Toys,BrandD,4.8,4.42x7.8x3.04
P1974,77.69,Books,BrandE,4.4,10.14x7.72x3.66
P1975,5.52,Clothing,BrandD,4.9,11.68x8.01x2.54
P1976,77.38,Books,BrandE,3.2,15.57x7.58x5.02
P1977,-21.19,Books,BrandC,3.7,8.55x5.99x3.21
P1978,20.8,Toys,BrandB,3.6,10.97x5.97x4.6
P1979,138.02,Books,BrandD,4.4,4.59x4.6x7.06
P1980,139.29,Books,BrandA,3.5,2.82x10.57x6.8
P1981,121.27,Home,BrandB,4.4,12.53x7.03x4.95
P1982,51.65,Toys,BrandA,4.7,9.98x6.55x4.87
P1983,97.61,Electronics,BrandB,4.3,13.54x5.14x7.82
P1984,99.82,Clothing,BrandB,4.1,5.88x12.87x5.78
P1985,42.08,Books,BrandE,3.5,11.56x4.85x4.51
P1986,175.17,Clothing,BrandD,3.6,15.61x6.14x2.86
P1987,143.87,Electronics,BrandD,4.6,11.26x7.83x5.59
P1988,88.95,Clothing,BrandB,4.4,10.83x8.2x6.24
P1989,101.34,Electronics,BrandC,4.0,10.03x8.92x4.05
P1990,110.42,Home,BrandC,3.8,5.29x10.62x5.44
P1991,-2.09,Books,BrandA,3.0,14.07x8.01x4.45
P1992,87.64,Electronics,BrandA,3.5,8.17x4.89x4.72
P1993,65.9,Clothing,BrandE,5.0,11.51x6.49x1.27
P1994,49.92,Books,BrandB,3.4,5.31x7.62x4.67
P1995,85.94,Home,BrandA,4.1,6.46x11.14x6.45
P1996,189.88,Books,BrandA,4.5,14.31x4.2x4.05
P1997,132.04,Electronics,BrandB,3.4,8.96x9.41x5.08
P1998,71.44,Home,BrandE,4.1,14.36x7.36x3.87
P1999,128.63,Clothing,BrandA,4.5,9.77x8.68x5.54
